順位,アプリ名,提供元,ジャンル,評価,評価数,画面の緑,緑の系統,画面に占める緑,相方の色,アイコンも緑,公開日,最終更新,App Store
1,漢字検定・漢検漢字トレーニング,"StudySwitch, Inc.",Education,4.51,144987,#396024,深緑,50%,黄,,2014-04-23,2026-07-27,https://apps.apple.com/jp/app/id843003884
2,宅建 過去問 2026 - 独学TODAY,Trips LLC,Education,4.76,41205,#01843A,深緑,76%,赤,○,2018-10-03,2026-06-14,https://apps.apple.com/jp/app/id1437470550
3,ITパスポート 全問解説 - 独学TODAY,Trips LLC,Education,4.72,23012,#279F00,中間の緑,69%,赤,○,2018-12-15,2026-07-13,https://apps.apple.com/jp/app/id1445110474
4,小学生漢字ドリル：ひとコマ漢字,Kazue Kuga,Education,4.76,15181,#94E03E,黄緑（ライム）,70%,青,○,2020-06-22,2025-12-02,https://apps.apple.com/jp/app/id1519144792
5,中学生漢字(手書き＆読み方),"StudySwitch, Inc.",Education,4.57,12845,#385C24,深緑,51%,黄,,2012-07-03,2025-12-16,https://apps.apple.com/jp/app/id538768854
6,Knockノック-英語・数学の問題を解いてくれる勉強アプリ,Hanji Inc.,Education,4.76,11210,#7FF079,明るい緑,84%,黄,○,2024-10-02,2026-07-16,https://apps.apple.com/jp/app/id6479194410
7,Forest - 集中･勉強タイマー,"SEEKRTECH CO., LTD.",Productivity,4.7,10350,#5FBD99,青緑寄りの緑（エメラルド）,58%,青緑,,2014-05-10,2026-07-25,https://apps.apple.com/jp/app/id866450515
8,シフター：シフトカレンダーでバイトや介護のシフト管理,Kosuke Hamada,Productivity,4.38,6875,#DAFF7E,黄緑（ライム）,61%,橙,,2018-12-08,2025-03-13,https://apps.apple.com/jp/app/id1441499274
9,漢字(漢検)勉強・2人でできるオンライン対戦ゲーム：漢字道場,Kazue Kuga,Education,4.75,6330,#60913A,黄緑（ライム）,91%,橙,,2022-06-02,2026-07-29,https://apps.apple.com/jp/app/id1621992804
10,行政書士 過去問 2026,Trips LLC,Education,4.73,5993,#03843A,深緑,74%,赤,○,2021-04-21,2026-06-24,https://apps.apple.com/jp/app/id1562962360
11,中学・高校の国語文法,"StudySwitch, Inc.",Education,4.69,5176,#3A6223,深緑,61%,黄,,2017-10-06,2025-10-15,https://apps.apple.com/jp/app/id1281824968
12,生物の王様-高校生物・生物基礎・中学理科の問題集&勉強アプリ,HANAUTA INC.,Education,4.6,4370,#638F2B,黄緑（ライム）,85%,橙,○,2021-01-20,2026-07-23,https://apps.apple.com/jp/app/id1546687700
13,脳トレ！大人の漢字ナンクロ,nullhouse Inc.,Education,4.2,4311,#22884F,深緑,96%,赤,○,2020-08-14,2025-11-23,https://apps.apple.com/jp/app/id1527701421
14,原付免許の王様 - バイク免許の学科試験 勉強＆問題集アプリ,HANAUTA INC.,Education,4.39,4228,#44B142,中間の緑,85%,橙,○,2012-04-04,2026-07-22,https://apps.apple.com/jp/app/id514521225
15,漢検準1級 - 漢字検定対策問題集,kenji uchi,Education,4.63,3442,#00B700,中間の緑,96%,なし（緑＋無彩色のみ）,○,2020-12-05,2026-04-20,https://apps.apple.com/jp/app/id1543308443
16,中学生レベルの漢字テスト - 手書き漢字勉強アプリ,"StudySwitch, Inc.",Education,4.58,2808,#6BC24D,中間の緑,72%,橙,○,2018-04-22,2025-12-08,https://apps.apple.com/jp/app/id1371296112
17,基本情報技術者試験（科目A・科目B）全問解説,Trips LLC,Education,4.71,2631,#279F00,中間の緑,77%,赤,○,2022-09-21,2026-07-23,https://apps.apple.com/jp/app/id1644966017
18,クラウドプラクティショナー模擬試験アプリ,Naohito Muraoka,Education,4.5,2341,#67AE5B,中間の緑,84%,なし（緑＋無彩色のみ）,○,2020-04-25,2026-06-20,https://apps.apple.com/jp/app/id1509436492
19,小学生英語ドリル - 英単語・英会話フレーズ,"StudySwitch, Inc.",Education,4.61,2239,#487416,黄緑（ライム）,50%,黄,,2022-08-01,2026-06-05,https://apps.apple.com/jp/app/id1635678448
20,国語(現代文)の王様-中学・高校国語の問題集＆勉強アプリ,HANAUTA INC.,Education,4.65,1893,#299846,中間の緑,86%,橙,○,2021-10-25,2026-07-23,https://apps.apple.com/jp/app/id1591147183
21,運転免許の学習アプリ　仮免・本免学科試験問題集　普通自動車,"NAVITIME JAPAN CO.,LTD.",Education,4.71,1568,#A2F1AA,明るい緑,99%,なし（緑＋無彩色のみ）,○,2022-02-13,2025-09-10,https://apps.apple.com/jp/app/id1608846202
22,地理の王様-高校地理・中学地理を勉強する問題集アプリ,HANAUTA INC.,Education,4.36,1484,#46805D,深緑,84%,橙,○,2014-12-17,2026-07-30,https://apps.apple.com/jp/app/id941496171
23,英検®準1級 でた単,Namiko Takahashi,Education,4.75,1475,#3AB591,青緑寄りの緑（エメラルド）,100%,なし（緑＋無彩色のみ）,○,2018-08-09,2026-07-26,https://apps.apple.com/jp/app/id1406157182
24,日本の歴史クイズ - 日本史 一問一答,"StudySwitch, Inc.",Education,4.5,1457,#396122,深緑,58%,黄,,2014-12-12,2026-02-25,https://apps.apple.com/jp/app/id946696499
25,公務員試験 全問解説 - 独学TODAY,Trips LLC,Education,4.75,1414,#01853B,深緑,77%,橙,○,2022-03-16,2026-07-02,https://apps.apple.com/jp/app/id1614172374
26,キホン動詞英会話,Flipout LLC,Education,4.47,1387,#50B728,中間の緑,93%,赤,○,2017-11-17,2025-12-22,https://apps.apple.com/jp/app/id1303293041
27,脳トレ！ど忘れ漢字クイズ,Trips LLC,Education,4.27,1384,#27A102,中間の緑,64%,青緑,○,2020-06-04,2025-12-08,https://apps.apple.com/jp/app/id1512987752
28,英検®2級の英単語1130 - 英語問題学習アプリ,Taro Horiguchi,Education,4.55,1359,#64D3AD,青緑寄りの緑（エメラルド）,59%,青緑,○,2020-05-16,2026-07-22,https://apps.apple.com/jp/app/id1513478635
29,漢字クイズどっち？,Flipout LLC,Education,4.24,1273,#6DC54E,中間の緑,77%,黄緑,○,2017-12-16,2026-05-01,https://apps.apple.com/jp/app/id1320752588
30,全問解説付 FP2級 学科 一問一答問題集,Tokyo Interactive,Education,4.45,1222,#41C717,明るい緑,93%,赤,○,2011-05-24,2026-07-07,https://apps.apple.com/jp/app/id438388097
31,きりはらの森,KIRIHARA SHOTEN K.K.,Education,2.57,1084,#43A23B,中間の緑,79%,橙,,2015-05-24,2018-05-22,https://apps.apple.com/jp/app/id948121125
32,メンタルヘルス・マネジメント検定試験® Ⅲ種 秒トレ,GINOAPPS LLC.,Education,4.5,1013,#108566,青緑寄りの緑（エメラルド）,57%,黄,,2021-08-13,2026-07-15,https://apps.apple.com/jp/app/id1563543366
33,ポモドーロ集中タイマー: OneThing,Pepper Factory,Productivity,4.71,868,#0E341C,深緑,73%,なし（緑＋無彩色のみ）,,2024-05-02,2026-07-28,https://apps.apple.com/jp/app/id1621897751
34,全問解説付 ITパスポート 一問一答問題集,Tokyo Interactive,Education,4.54,839,#8AD24B,黄緑（ライム）,96%,赤,○,2010-12-19,2026-02-07,https://apps.apple.com/jp/app/id409088248
35,漢字検定・漢検漢字トレーニング（小学生版）,"StudySwitch, Inc.",Education,4.6,704,#3A6224,深緑,52%,黄,,2014-07-15,2024-02-08,https://apps.apple.com/jp/app/id892308305
36,英検準１級 英単語 ブラクストン｜英作文・面接・読解・２次,Ryota Kuroishi,Education,4.68,683,#3D9436,中間の緑,84%,青,○,2023-05-29,2026-07-29,https://apps.apple.com/jp/app/id6449678822
37,応用情報技術者試験 AP 全問解説 - 独学TODAY,Trips LLC,Education,4.71,585,#279F00,中間の緑,77%,赤,○,2023-07-02,2026-07-20,https://apps.apple.com/jp/app/id6449206529
38,英検®準2級の英単語1030 - 英語問題学習アプリ,Taro Horiguchi,Education,4.48,572,#64D3AD,青緑寄りの緑（エメラルド）,59%,青緑,○,2020-05-17,2026-07-22,https://apps.apple.com/jp/app/id1513455662
39,「宅建士」過去問題《受験用》,TK office,Education,4.42,450,#29A214,中間の緑,84%,赤,○,2010-07-02,2026-06-16,https://apps.apple.com/jp/app/id379256460
40,宅建用語集,Limen Inc.,Education,4.5,429,#13A83E,中間の緑,72%,橙,○,2016-09-17,2026-02-08,https://apps.apple.com/jp/app/id1146392049
41,書いて覚える英単語 中学生編 - 高校受験用英語勉強アプリ,Taro Horiguchi,Education,4.35,382,#82EEC0,青緑寄りの緑（エメラルド）,100%,なし（緑＋無彩色のみ）,○,2021-05-26,2022-03-21,https://apps.apple.com/jp/app/id1567655135
42,宅建ゲット,"ETERNA, K.K.",Education,4.94,379,#43CD6E,明るい緑,100%,なし（緑＋無彩色のみ）,○,2024-12-23,2025-02-11,https://apps.apple.com/jp/app/id6739669059
43,恐竜学習カード V2 PRO,Ta Chang Song,Education,4.3,331,#53A068,中間の緑,56%,青,,2020-08-07,2025-07-01,https://apps.apple.com/jp/app/id1526115736
44,eco検定 問題集アプリ　〜エコ検定/環境社会検定試験〜,"KIIRONOKAMO, K.K.",Education,4.19,252,#208F46,中間の緑,69%,青緑,○,2022-10-25,2026-06-17,https://apps.apple.com/jp/app/id6443938132
45,英検®１級単語攻略,Kotake Studio LLC,Education,4.62,230,#8BC349,黄緑（ライム）,86%,赤,○,2023-05-27,2025-08-23,https://apps.apple.com/jp/app/id6449008050
46,漢検9級に出てくる漢字 - 検定試験トレーニングアプリ,Taro Horiguchi,Education,4.6,225,#74B68B,中間の緑,100%,なし（緑＋無彩色のみ）,○,2022-08-23,2026-03-16,https://apps.apple.com/jp/app/id1640916654
47,和英辞典 | 英和辞典 - Erudite,Erudite Education Group Limited,Education,4.46,203,#009A4D,青緑寄りの緑（エメラルド）,88%,青,○,2014-10-22,2024-02-23,https://apps.apple.com/jp/app/id927791564
48,英検®準1級予想問題ドリル,"StudySwitch, Inc.",Education,4.74,183,#79BC47,黄緑（ライム）,96%,なし（緑＋無彩色のみ）,○,2018-06-07,2020-01-16,https://apps.apple.com/jp/app/id1369813693
49,情報セキュリティマネジメント SG - 独学TODAY,Trips LLC,Education,4.58,132,#279F01,中間の緑,77%,赤,○,2025-11-26,2026-07-29,https://apps.apple.com/jp/app/id6752633393
50,毎日漢字！漢字クイズ漢字パズル！漢字読み・漢字間違い探し！,ringopop,Education,4.22,130,#86BB59,黄緑（ライム）,100%,なし（緑＋無彩色のみ）,,2024-04-30,2025-05-28,https://apps.apple.com/jp/app/id6484404378
51,電気系資格 統合版,harada keiko,Productivity,4.07,126,#173611,深緑,92%,赤,,2019-09-09,2024-06-13,https://apps.apple.com/jp/app/id1479263441
52,スタディGO -ワークスペース/自習室・レンタルスペース,"BASE POINT, KK",Productivity,4.53,123,#509D47,中間の緑,64%,青,,2024-02-22,2026-06-08,https://apps.apple.com/jp/app/id6468538136
53,くじら六法,Takashi Shinyashiki,Reference,4.58,121,#57BD8A,青緑寄りの緑（エメラルド）,97%,なし（緑＋無彩色のみ）,,2018-03-09,2026-01-03,https://apps.apple.com/jp/app/id1346464592
54,宅建士  資格試験対策｜D-Learning,Eriya Okuno,Education,4.63,110,#00A847,中間の緑,100%,なし（緑＋無彩色のみ）,○,2020-02-27,2020-03-29,https://apps.apple.com/jp/app/id1499747902
55,英作文が身につくアプリ！ BT Writing,"Best Teacher, Inc.",Education,4.24,93,#42BE00,中間の緑,91%,黄,,2019-04-10,2025-04-11,https://apps.apple.com/jp/app/id1438836695
56,書き取り漢字練習【広告付き】,"NOWPRODUCTION CO.,LTD",Education,3.15,73,#59944E,中間の緑,61%,黄,,2011-07-28,2026-06-22,https://apps.apple.com/jp/app/id452195420
57,TOEIC® 試験対策 - Lingoland,Lingoland Company Limited,Education,4.88,72,#1EB955,中間の緑,99%,なし（緑＋無彩色のみ）,○,2020-08-14,2026-07-29,https://apps.apple.com/jp/app/id1527272490
58,Speak Chinese: 中国語学習 - HSK,Quan Pham Minh,Education,4.66,71,#22D085,青緑寄りの緑（エメラルド）,72%,橙,○,2023-12-23,2026-07-14,https://apps.apple.com/jp/app/id6468914724
59,GX問題集 ベーシック：GXの試験対策用勉強アプリ,"KIIRONOKAMO, K.K.",Education,4.16,70,#096C48,青緑寄りの緑（エメラルド）,89%,青緑,○,2024-07-30,2026-06-12,https://apps.apple.com/jp/app/id6590616951
60,medu4 APP,medu4 Inc.,Education,1.87,68,#3AFDBF,青緑寄りの緑（エメラルド）,95%,なし（緑＋無彩色のみ）,○,2021-03-18,2023-03-13,https://apps.apple.com/jp/app/id1558120067
61,Bluezone Ads - Chặn quảng cáo,Hai Nam Trinh,Reference,4.06,54,#6EB929,黄緑（ライム）,56%,青,,2020-02-06,2020-08-11,https://apps.apple.com/jp/app/id1498041680
62,チャレンジ英単語 for the TOEIC®TEST,Minghua Hu,Education,3.94,50,#8FDE72,明るい緑,77%,桃,,2012-01-22,2026-06-12,https://apps.apple.com/jp/app/id495450617
63,英検®準2級  資格試験対策問題｜D-Learning,Eriya Okuno,Reference,4.21,48,#49C47D,中間の緑,83%,橙,,2021-01-01,2021-07-25,https://apps.apple.com/jp/app/id1536908712
64,画像de英単語 – イラスト・絵で覚える暗記帳,Satoshi Kawazoe,Education,4.5,48,#99BF61,黄緑（ライム）,52%,青緑,,2026-03-05,2026-07-01,https://apps.apple.com/jp/app/id6759098635
65,さくさくおぼえられる百人一首暗記帳,Yuya Fujiwara,Education,4.21,47,#008041,青緑寄りの緑（エメラルド）,100%,なし（緑＋無彩色のみ）,,2016-04-08,2016-04-08,https://apps.apple.com/jp/app/id1099092007
66,斑马百科,"Beijing Yuanli Science and Technology Co., Ltd.",Education,4.45,44,#58D55F,明るい緑,57%,橙,○,2023-04-18,2026-07-21,https://apps.apple.com/jp/app/id1665617086
67,介護福祉士｜しっかり解説の資格試験問題集,Eriya Okuno,Education,4.05,43,#30C34D,中間の緑,100%,なし（緑＋無彩色のみ）,○,2020-10-05,2020-10-05,https://apps.apple.com/jp/app/id1515219136
68,SCOA　試験対策,RUMAHSAKU CORP.,Education,4.56,41,#6CBE70,中間の緑,70%,青,,2025-12-22,2026-07-17,https://apps.apple.com/jp/app/id6756841326
69,이지보카 - 영어단어 어원을 읽어주는 특별한 단어장,shouter inc.,Education,4.63,38,#173E33,青緑寄りの緑（エメラルド）,92%,黄,○,2019-03-23,2025-07-25,https://apps.apple.com/jp/app/id1454492537
70,簿記モバ2級商業簿記,Tomoki Imura,Education,4.53,36,#42B131,中間の緑,54%,橙,○,2021-03-21,2026-05-05,https://apps.apple.com/jp/app/id1545853684
71,貸金業務取扱主任者｜スキマ時間で効率学習,Eriya Okuno,Education,3.28,36,#62DCA1,青緑寄りの緑（エメラルド）,48%,青,,2021-05-01,2021-07-05,https://apps.apple.com/jp/app/id1536907687
72,Vocabulary for the TOEIC®TEST,Li Wang,Education,4.66,35,#449F1B,中間の緑,100%,なし（緑＋無彩色のみ）,○,2015-11-10,2026-06-08,https://apps.apple.com/jp/app/id1053785764
73,介護福祉士 秒トレ：過去問・出題傾向に基づく要点速習アプリ,GINOAPPS LLC.,Education,4.77,30,#118566,青緑寄りの緑（エメラルド）,45%,黄,,2026-06-26,2026-07-26,https://apps.apple.com/jp/app/id6781591563
74,HappyMood - All Games Library,Calliope State School,Reference,3.76,29,#01DD3A,明るい緑,52%,橙,○,2025-10-02,2026-02-19,https://apps.apple.com/jp/app/id6752773778
75,第二種衛生管理者｜スキマ時間で効率学習,Eriya Okuno,Education,4,28,#62DCA1,青緑寄りの緑（エメラルド）,48%,青,,2021-05-01,2021-07-06,https://apps.apple.com/jp/app/id1536906425
76,英検®準1級に受かるアプリ：単語・英作文練習・長文・面接対策,SHOJI DAICHI,Education,4.61,28,#183E1B,深緑,47%,赤,○,2025-03-04,2026-07-12,https://apps.apple.com/jp/app/id6742779610
77,おぼエル 宅建・宅建士,"PINTERNET, WORKS INC.",Education,4.73,26,#3DC83C,明るい緑,90%,青,○,2026-05-19,2026-07-20,https://apps.apple.com/jp/app/id6770285008
78,食品表示検定中級　試験対策,RUMAHSAKU CORP.,Education,3.8,25,#4CB051,中間の緑,79%,青,,2025-08-20,2026-07-10,https://apps.apple.com/jp/app/id6751153794
79,ECO検定：一問一答,shinichi kinuwaki,Education,4.12,24,#ABD385,黄緑（ライム）,46%,青,,2026-02-19,2026-07-04,https://apps.apple.com/jp/app/id6759346992
80,2026年 度版 宅建合格アプリ,"Ken Business School, K.K",Education,2.54,24,#76A961,中間の緑,96%,なし（緑＋無彩色のみ）,○,2022-03-30,2026-06-29,https://apps.apple.com/jp/app/id1613697431
81,英単語アプリetymo｜TOEIC・英検®・受験・TOEFL,Etymo LLC,Education,4.71,24,#00B583,青緑寄りの緑（エメラルド）,75%,青,○,2024-11-19,2026-07-06,https://apps.apple.com/jp/app/id1579065214
82,"パンダ: 保育園キッズ知育ゲーム 2歳, 3歳, 4歳",KidloLand Kids & Toddler Games,Education,4.39,23,#8EE24B,黄緑（ライム）,61%,赤,,2025-10-24,2026-07-20,https://apps.apple.com/jp/app/id6747578865
83,危険物取扱者試験 乙種第4類(乙4)「30日合格プログラム」,ReCorrect Inc.,Education,4.1,21,#8EFFC8,青緑寄りの緑（エメラルド）,62%,青,,2018-10-20,2025-09-24,https://apps.apple.com/jp/app/id1439527297
84,食品安全検定（基礎編）受験対策アプリ,"SHOKUHIN ANZEN KENTEI KYOKAI, GENERAL INC. ASSOCIATION",Education,1.9,20,#42AB67,中間の緑,87%,赤,○,2016-11-28,2019-07-10,https://apps.apple.com/jp/app/id1177840314
85,英単語と日々,Shuto Goto,Education,4.75,20,#0D2B20,青緑寄りの緑（エメラルド）,96%,なし（緑＋無彩色のみ）,,2025-03-31,2026-07-08,https://apps.apple.com/jp/app/id6742532816
86,英検®準2級に受かるアプリ：単語・英作文練習・長文・面接対策,SHOJI DAICHI,Education,4.84,19,#214623,深緑,50%,赤,○,2025-08-10,2026-07-10,https://apps.apple.com/jp/app/id6749671644
87,英検®2級に受かるアプリ：単語・英作文練習・長文・面接対策,SHOJI DAICHI,Education,4.84,19,#1F401B,深緑,48%,橙,○,2025-08-07,2026-07-12,https://apps.apple.com/jp/app/id6749601448
88,ネットワークスペシャリスト｜スキマ時間で効率学習,Eriya Okuno,Education,4.05,19,#62DCA1,青緑寄りの緑（エメラルド）,48%,青,,2021-07-23,2021-07-23,https://apps.apple.com/jp/app/id1536907356
89,安災システム,"HORIKEN SOLUTIONS, CO., LTD",Productivity,4.17,18,#8BEACF,青緑寄りの緑（エメラルド）,64%,橙,,2021-04-06,2026-06-18,https://apps.apple.com/jp/app/id1558783870
90,Painless - TOEIC/英検®/英単語を手軽に学習,Hangzhou Xiangzi Technology Co. Ltd.,Education,4.5,18,#93B25F,黄緑（ライム）,88%,青緑,,2023-11-21,2026-07-20,https://apps.apple.com/jp/app/id6462666974
91,土地家屋調査士 択一マスター,tomoaki hoshi,Education,4.41,17,#77CB8F,明るい緑,88%,赤,○,2025-08-04,2026-07-23,https://apps.apple.com/jp/app/id6745846928
92,【LITE版】 保育士 最短合格 サポート 全問 解説付き,ReCorrect Inc.,Education,4.2,15,#8EFFC8,青緑寄りの緑（エメラルド）,55%,青,,2018-08-06,2025-10-15,https://apps.apple.com/jp/app/id1420309401
93,現場一番,IWAKI STYLE INC.,Productivity,3.2,15,#038C1A,深緑,69%,黄,○,2022-09-08,2025-03-31,https://apps.apple.com/jp/app/id1643106081
94,超级教练-学车考驾照无广告刷题,"Shanghai Eclicks Network CO., LTD.",Education,4.53,15,#54C489,中間の緑,96%,なし（緑＋無彩色のみ）,○,2015-08-22,2026-06-10,https://apps.apple.com/jp/app/id1029042468
95,ケアマネ 秒トレ：スキマ時間でケアマネージャーの試験対策,GINOAPPS LLC.,Education,4.92,13,#108566,青緑寄りの緑（エメラルド）,45%,黄,,2026-07-15,2026-07-22,https://apps.apple.com/jp/app/id6786088678
96,簿記モバ3級Lite,Tomoki Imura,Education,4.69,13,#42B131,中間の緑,59%,なし（緑＋無彩色のみ）,○,2020-09-04,2026-05-05,https://apps.apple.com/jp/app/id1530220647
97,My六法：アプリでつくる、自分だけの法令集,GYOSEI CORPORATION,Reference,4.25,12,#328844,深緑,98%,なし（緑＋無彩色のみ）,○,2025-03-19,2026-02-16,https://apps.apple.com/jp/app/id6738338419
98,保育士 最短合格 サポート 全問 解説付き,ReCorrect Inc.,Education,4,12,#8EFFC8,青緑寄りの緑（エメラルド）,55%,青,,2018-08-04,2025-10-15,https://apps.apple.com/jp/app/id1419357719
99,二級建築士｜スキマ時間で効率学習,Eriya Okuno,Education,4.36,11,#62DCA1,青緑寄りの緑（エメラルド）,48%,青,○,2021-05-01,2021-07-05,https://apps.apple.com/jp/app/id1536906119
100,LeafTimer,Shinya Ema,Productivity,4.27,11,#BADE72,黄緑（ライム）,100%,なし（緑＋無彩色のみ）,○,2020-08-27,2025-11-11,https://apps.apple.com/jp/app/id1520649806
101,勉強アプリsage 社会常識/漢字/英語/脳トレ/エンタメ,Ryo Oyama,Education,4.18,11,#3DA842,中間の緑,59%,青,○,2024-07-02,2025-04-28,https://apps.apple.com/jp/app/id6504094975
102,ケアマネジャー 過去問 2026 一問一答,Minato Apps,Education,4.9,10,#12B980,青緑寄りの緑（エメラルド）,68%,青,○,2026-05-18,2026-07-26,https://apps.apple.com/jp/app/id6767837723
103,登録販売者 試験対策クイズ,"LIBERE CO., LTD.",Education,5,10,#2F7E4A,深緑,52%,青,,2026-03-17,2026-07-20,https://apps.apple.com/jp/app/id6760575248
104,調理師のたまご-パスモン,ryosukE soejimA,Education,3.9,10,#6ABC90,中間の緑,69%,赤,○,2025-08-28,2025-11-25,https://apps.apple.com/jp/app/id6739157763
105,管工事施工管理技士 1級2級：一問一答,shinichi kinuwaki,Education,3.9,10,#7CB243,黄緑（ライム）,74%,赤,,2026-03-18,2026-06-11,https://apps.apple.com/jp/app/id6760645863
106,情報処理技術者試験対策問題集シリーズ,Tokyo Denki University,Education,1.4,10,#90CB85,明るい緑,95%,なし（緑＋無彩色のみ）,,2016-03-18,2017-03-23,https://apps.apple.com/jp/app/id1087318637
107,基本情報の王様ー基本情報技術者試験の受験対策 勉強アプリ,HANAUTA INC.,Education,4.4,10,#3ECD62,明るい緑,85%,橙,○,2024-11-12,2026-07-22,https://apps.apple.com/jp/app/id6737539641
108,発音とタッチで覚える英検２級英単語,Keiko Yukawa,Education,4.6,10,#417504,黄緑（ライム）,100%,なし（緑＋無彩色のみ）,,2014-11-06,2024-06-04,https://apps.apple.com/jp/app/id929008371
109,GAKUDOU - 保護者マイページアプリ（Next）,Exeo Japan Inc.,Education,2.11,9,#8FA467,黄緑（ライム）,51%,青,○,2024-02-27,2024-07-25,https://apps.apple.com/jp/app/id6477284430
110,精神保健福祉士国家試験 過去問アプリ 〜精神保健福祉士〜,"KIIRONOKAMO, K.K.",Education,4.33,9,#529A35,中間の緑,100%,なし（緑＋無彩色のみ）,,2022-12-30,2026-02-13,https://apps.apple.com/jp/app/id1661621420
111,社会福祉士 国試 Smart対策,Takashi Miyazaki,Education,3.78,9,#25B25E,中間の緑,67%,橙,○,2026-03-23,2026-03-24,https://apps.apple.com/jp/app/id6760891005
112,【LITE版】危険物取扱者試験 乙4「30日合格プログラム」,ReCorrect Inc.,Education,3.78,9,#8EFFC8,青緑寄りの緑（エメラルド）,62%,青,,2018-10-20,2025-09-24,https://apps.apple.com/jp/app/id1439549203
113,測量野帳 器高式 〜 現場監督のための水準測量野帳アプリ,Takahide Noro,Productivity,3.56,9,#29A148,中間の緑,99%,なし（緑＋無彩色のみ）,,2023-11-16,2024-04-23,https://apps.apple.com/jp/app/id6470824736
114,中小M&A資格試験対策アプリ,"TIA, K.K",Education,5,8,#51A87F,青緑寄りの緑（エメラルド）,74%,なし（緑＋無彩色のみ）,○,2026-06-12,2026-07-19,https://apps.apple.com/jp/app/id6771700355
115,PROSHAREスケジュール,KENSETSU SYSTEM Co.Ltd.,Productivity,2.5,8,#00805A,青緑寄りの緑（エメラルド）,93%,なし（緑＋無彩色のみ）,○,2019-12-20,2025-08-25,https://apps.apple.com/jp/app/id1480656652
116,QC検定２級 対策アプリ,Daisuke Matsubara,Education,3.38,8,#159268,青緑寄りの緑（エメラルド）,100%,なし（緑＋無彩色のみ）,○,2025-07-28,2025-07-29,https://apps.apple.com/jp/app/id6746664765
117,英検®3級に受かるアプリ：単語・英作文練習・長文・面接対策,SHOJI DAICHI,Education,4.25,8,#1B471D,深緑,47%,橙,○,2025-09-10,2026-07-10,https://apps.apple.com/jp/app/id6752115286
118,KURASEL,"MITSUBISHI JISHO COMMUNITY CO.,LTD.",Productivity,3.75,8,#9AE96F,明るい緑,82%,なし（緑＋無彩色のみ）,,2020-11-05,2025-06-26,https://apps.apple.com/jp/app/id1537942167
119,【全音声講義公開】宅建過去問2022,GYAS K.K.,Education,5,7,#46A756,中間の緑,100%,なし（緑＋無彩色のみ）,○,2022-07-06,2022-10-11,https://apps.apple.com/jp/app/id1631738790
120,公害防止Pass - 公害防止管理者試験 対策,KANDK,Education,4.86,7,#388349,深緑,91%,なし（緑＋無彩色のみ）,○,2026-04-13,2026-07-26,https://apps.apple.com/jp/app/id6761719666
121,給与計算実務能力検定2級　試験対策,RUMAHSAKU CORP.,Education,4,7,#2D5017,深緑,74%,青,,2026-02-16,2026-06-03,https://apps.apple.com/jp/app/id6759089498
122,第２種衛生管理者 「30日合格プログラム」,ReCorrect Inc.,Education,4.14,7,#B9FF83,黄緑（ライム）,45%,青,,2023-02-11,2025-09-24,https://apps.apple.com/jp/app/id1661199932
123,HSK Test - 中国語能力試験模様テスト対策,CAO HUNG LE,Book,3.14,7,#01A36A,青緑寄りの緑（エメラルド）,79%,青緑,○,2021-07-12,2021-11-07,https://apps.apple.com/jp/app/id1573383725
124,ヒンディー文字クイズ,"IZUNA, Inc.",Education,5,7,#47824C,深緑,92%,橙,○,2023-12-22,2024-03-08,https://apps.apple.com/jp/app/id6469104874
125,宅地建物取引士一問一答• 模試对策,"Shanghai Xushu Information Technology Co., Ltd.",Education,3,6,#67A34C,中間の緑,100%,なし（緑＋無彩色のみ）,○,2026-01-22,2026-07-14,https://apps.apple.com/jp/app/id6757780918
126,ITパスポート 完全解説 - 初心者でも一発合格の問題集,Magigull LLC,Education,5,6,#2FD595,青緑寄りの緑（エメラルド）,55%,青緑,○,2026-06-22,2026-06-22,https://apps.apple.com/jp/app/id6769250501
127,簿記3級 第2問対策｜ボキラボ｜勘定記入・補助簿・語句補充,Masaaki Kimura,Education,5,6,#0E3E22,深緑,95%,橙,○,2026-07-14,2026-07-26,https://apps.apple.com/jp/app/id6789789730
128,簿記モバ3級,Tomoki Imura,Education,4.67,6,#43B131,中間の緑,59%,なし（緑＋無彩色のみ）,○,2020-09-01,2026-05-05,https://apps.apple.com/jp/app/id1528704303
129,英語日記をAI添削！英語力アップ - IELTS Diary,Tsubasa Tanabe,Education,4.67,6,#173B24,深緑,98%,なし（緑＋無彩色のみ）,○,2025-06-16,2026-07-03,https://apps.apple.com/jp/app/id6746693025
130,簿記3級 講義動画 問題演習アプリ 簿記の資格勉強,"ONLINE SCHOOL Co.,Ltd",Education,4.8,5,#AAF6C6,明るい緑,68%,青,○,2022-07-12,2026-07-10,https://apps.apple.com/jp/app/id1615687500
131,こそっと過去問,Yamaguchi Shoji,Education,4.6,5,#8CC887,明るい緑,94%,なし（緑＋無彩色のみ）,○,2020-12-30,2021-04-04,https://apps.apple.com/jp/app/id1546884368
132,表計算関数 使い方を覚えて作業効率アップ,"ROUE GARCON CO., LTD.",Productivity,4.2,5,#2EB024,中間の緑,100%,なし（緑＋無彩色のみ）,○,2020-08-04,2021-08-30,https://apps.apple.com/jp/app/id1523613421
133,Mofu：かわいいペットと集中するポモドーロ・勉強タイマー,Songyu Li,Productivity,4.8,5,#CCE5A9,黄緑（ライム）,90%,なし（緑＋無彩色のみ）,,2026-04-11,2026-07-23,https://apps.apple.com/jp/app/id6757412617
134,税務検定 2級3級 銀行業務検定,shinichi kinuwaki,Education,3.5,4,#1A4E34,青緑寄りの緑（エメラルド）,72%,黄,,2026-04-16,2026-05-21,https://apps.apple.com/jp/app/id6762250421
135,シンプル宅建,DAIKI HAYASHI,Education,3,4,#47C561,中間の緑,61%,橙,○,2025-09-04,2026-03-14,https://apps.apple.com/jp/app/id6751632860
136,【中央法規】精神保健福祉士合格アプリ2025 過去問+模擬問,"CHUOHOKI PUBLISHING CO.,LTD.",Education,3,4,#3FCB8D,青緑寄りの緑（エメラルド）,82%,青緑,○,2024-05-23,2024-08-06,https://apps.apple.com/jp/app/id6499187125
137,運行管理者 貨物 問題集：一問一答,shinichi kinuwaki,Education,5,4,#7CB243,黄緑（ライム）,78%,青,,2026-02-27,2026-06-12,https://apps.apple.com/jp/app/id6759775985
138,【みこ会メンバー専用】通関士試験対策,Izumi Higuchi,Education,5,4,#234E32,深緑,95%,なし（緑＋無彩色のみ）,,2026-06-27,2026-07-25,https://apps.apple.com/jp/app/id6776627574
139,ビジュアルタイマー、ピクセル砂時計,Oguz Kaytanci,Productivity,5,4,#38785A,青緑寄りの緑（エメラルド）,100%,なし（緑＋無彩色のみ）,○,2023-08-13,2026-05-03,https://apps.apple.com/jp/app/id6460258766
140,日本茶検定 2026年版 問題集 一問一答・模試,Signet LLC,Education,5,3,#516B2C,黄緑（ライム）,100%,なし（緑＋無彩色のみ）,○,2026-06-23,2026-07-29,https://apps.apple.com/jp/app/id6782598666
141,暗記学園｜中学社会の一問一答,KNOWLEDGE UP LLC,Education,5,3,#B6E9AB,明るい緑,49%,橙,,2026-04-06,2026-06-25,https://apps.apple.com/jp/app/id6759702754
142,勘定科目　分ければ分かる,Netschool co.ltd,Education,3.33,3,#A3D57C,黄緑（ライム）,57%,青,,2025-12-24,2026-04-07,https://apps.apple.com/jp/app/id6756560854
143,FP過去問 3級2級｜一問一答・模試,Hirotaka Kouso,Education,5,3,#539D55,中間の緑,99%,なし（緑＋無彩色のみ）,○,2026-06-29,2026-07-19,https://apps.apple.com/jp/app/id6782504174
144,コツコツ-FP3級 効率勉強アプリ,TARO KATSUKI,Education,5,3,#25AF82,青緑寄りの緑（エメラルド）,53%,青,○,2026-06-15,2026-07-19,https://apps.apple.com/jp/app/id6778821117
145,電験３種　電力ラボ,Kaoru Yotsui,Education,5,3,#3D743B,深緑,81%,なし（緑＋無彩色のみ）,○,2026-05-24,2026-07-15,https://apps.apple.com/jp/app/id6771944687
146,マーケティング検定 ２級 対策アプリ,Daisuke Matsubara,Education,2,3,#0F5832,深緑,100%,なし（緑＋無彩色のみ）,○,2025-06-23,2025-07-18,https://apps.apple.com/jp/app/id6747614835
147,ITストラテジストのたまご-パスモン,ryosukE soejimA,Education,5,3,#00984A,中間の緑,52%,橙,,2025-01-26,2025-01-26,https://apps.apple.com/jp/app/id6739137090
148,QC Scan,Atsushi Kodama,Productivity,3.67,3,#98DA8D,明るい緑,61%,橙,,2018-09-28,2018-11-21,https://apps.apple.com/jp/app/id1437123762
149,ボイラー整備士のたまご-パスモン,ryosukE soejimA,Education,4,3,#60964D,中間の緑,72%,赤,,2025-09-07,2025-09-07,https://apps.apple.com/jp/app/id6739151894
150,HACCPヘルパー,KOUSHI INTEC Inc.,Productivity,2.67,3,#87C069,中間の緑,94%,なし（緑＋無彩色のみ）,,2018-07-05,2018-07-05,https://apps.apple.com/jp/app/id1392374280
151,AI Botと英語会話 | OPIc、TOEIC、TOEFL,"Open Rhapsody, Inc",Education,4.33,3,#447363,青緑寄りの緑（エメラルド）,82%,なし（緑＋無彩色のみ）,,2023-05-04,2023-05-26,https://apps.apple.com/jp/app/id6447823302
152,高校2年生で覚える英単語500 - 英語勉強,Junpei Shimotsu,Education,4.33,3,#034218,深緑,98%,なし（緑＋無彩色のみ）,○,2019-07-01,2024-03-28,https://apps.apple.com/jp/app/id1470820223
153,JLPT Vocabulary Dictionary,NAOYA ONO,Education,3.67,3,#59B86A,中間の緑,65%,青,○,2021-04-04,2021-08-29,https://apps.apple.com/jp/app/id1561440785
154,MOS エクセル2019一般対策,"Is-pro Co., Ltd.",Education,3.67,3,#46B53F,中間の緑,94%,なし（緑＋無彩色のみ）,○,2023-01-24,2023-01-26,https://apps.apple.com/jp/app/id1667418179
155,MOS Excel 365 対策アプリ,Daisuke Matsubara,Education,4.67,3,#0C6E38,深緑,100%,なし（緑＋無彩色のみ）,○,2025-07-13,2025-07-13,https://apps.apple.com/jp/app/id6748500837
156,マンション管理士 試験対策 問題集,RYOHEI HORIUCHI,Education,2.33,3,#1A3A2F,青緑寄りの緑（エメラルド）,92%,黄,,2026-06-17,2026-06-17,https://apps.apple.com/jp/app/id6780679937
157,【LITE版】国内旅行業務試験 「30日合格プログラム」,ReCorrect Inc.,Education,2.67,3,#9BFDD3,青緑寄りの緑（エメラルド）,60%,青,,2019-08-03,2026-07-21,https://apps.apple.com/jp/app/id1474931947
158,公務員試験 数的処理アプリ｜全問解説付き｜一般教養｜数的推理,hayato suzuki,Education,5,3,#067252,青緑寄りの緑（エメラルド）,100%,なし（緑＋無彩色のみ）,○,2026-06-26,2026-07-12,https://apps.apple.com/jp/app/id6781932376
159,第二種衛生管理者 過去問｜衛管トレ,Hirotaka Kouso,Education,5,2,#5CB560,中間の緑,85%,なし（緑＋無彩色のみ）,○,2026-05-08,2026-07-19,https://apps.apple.com/jp/app/id6764512170
160,司法試験 短答式試験 過去問 問題集,AI Labs E73 Inc.,Education,5,2,#33C75A,明るい緑,52%,青,,2026-01-19,2026-07-14,https://apps.apple.com/jp/app/id6757694409
161,測量士補 試験対策 一問一答,cocoroom,Education,3,2,#2F7D33,深緑,96%,なし（緑＋無彩色のみ）,○,2026-04-14,2026-06-05,https://apps.apple.com/jp/app/id6762103835
162,生物分類技能検定4級 2026年版 問題集 一問一答・模試,Signet LLC,Education,4.5,2,#2D7040,深緑,100%,なし（緑＋無彩色のみ）,○,2026-06-24,2026-07-29,https://apps.apple.com/jp/app/id6782890805
163,宅建合格アプリ,TAKUYA SUZUKI,Education,3,2,#15A34A,中間の緑,93%,橙,○,2026-04-08,2026-04-09,https://apps.apple.com/jp/app/id6761679480
164,宅建士 完全対策,NAOYA TAIRA,Education,5,2,#82A792,中間の緑,100%,なし（緑＋無彩色のみ）,○,2026-06-28,2026-07-26,https://apps.apple.com/jp/app/id6766894610
165,中小企業診断士｜ポケット診断士 頻出問題,YOSHIKI OSHIMA,Education,4,2,#548466,深緑,48%,橙,,2025-07-09,2026-06-01,https://apps.apple.com/jp/app/id6748247986
166,いぬぼき２級工業簿記 日商簿記２級対策,INUBOKI,Education,3,2,#93E2A2,明るい緑,80%,青緑,○,2026-03-25,2026-05-05,https://apps.apple.com/jp/app/id6760730987
167,【中央法規】精神保健福祉士合格アプリ2026 過去問+模擬問,"CHUOHOKI PUBLISHING CO.,LTD.",Education,3,2,#1ECA4D,明るい緑,95%,橙,○,2025-08-03,2025-10-14,https://apps.apple.com/jp/app/id6748980617
168,衛生管理者 1種2種 試験対策問題集,shinichi kinuwaki,Education,3.5,2,#2D7E5C,青緑寄りの緑（エメラルド）,77%,青,○,2026-03-03,2026-06-19,https://apps.apple.com/jp/app/id6759777355
169,ことわざ・四字熟語・難読漢字　学習小辞典【広告なし版】,"product in tokyo co.,ltd",Reference,4,2,#488767,深緑,61%,橙,,2013-04-07,2017-05-26,https://apps.apple.com/jp/app/id630410564
170,MOS エクセル365一般対策,"Is-pro Co., Ltd.",Education,4.5,2,#3BAC38,中間の緑,93%,なし（緑＋無彩色のみ）,○,2024-11-05,2024-11-07,https://apps.apple.com/jp/app/id6737718644
171,測量士補 過去問-マスターシリーズ,HAZUKI KAWABATA,Education,5,2,#66D284,明るい緑,99%,なし（緑＋無彩色のみ）,○,2026-07-10,2026-07-26,https://apps.apple.com/jp/app/id6785773793
172,測量野帳 昇降式 〜 現場監督のための水準測量野帳アプリ,Takahide Noro,Productivity,4,2,#29A148,中間の緑,99%,なし（緑＋無彩色のみ）,,2023-11-26,2024-04-23,https://apps.apple.com/jp/app/id6472618723
173,経済学クイズ　ミクロ・マクロ・ゲーム理論の試験対策問題集,HANAUTA INC.,Education,1,2,#7BBA79,中間の緑,52%,黄,○,2024-07-10,2024-07-12,https://apps.apple.com/jp/app/id6504905698
174,税単：税金単語帳,Creatopia Inc.,Reference,3.5,2,#24C26B,中間の緑,76%,桃,○,2024-07-15,2024-08-15,https://apps.apple.com/jp/app/id6504324322
175,ぜったい覚える！英検準２級単語帳,Ben Walker,Education,3,2,#5CC2A7,青緑寄りの緑（エメラルド）,80%,青緑,○,2017-10-09,2026-07-05,https://apps.apple.com/jp/app/id1294248248
176,管理栄養士 過去問｜国試・一問一答・模試,Hirotaka Kouso,Education,5,1,#90CE84,明るい緑,99%,なし（緑＋無彩色のみ）,,2026-06-30,2026-07-26,https://apps.apple.com/jp/app/id6782504187
177,1級土木施工管理技士 過去問集min,Isobe masayuki,Education,2,1,#018C0F,深緑,47%,橙,○,2023-12-03,2024-04-16,https://apps.apple.com/jp/app/id6473653231
178,美容師 過去問 試験対策,AI Labs E73 Inc.,Education,5,1,#33C75A,明るい緑,56%,青,,2025-10-13,2026-07-14,https://apps.apple.com/jp/app/id6753908631
179,法のミカタ! 行政書士編,Bouzer LLC,Education,5,1,#C7F259,黄緑（ライム）,93%,なし（緑＋無彩色のみ）,,2026-01-14,2026-01-14,https://apps.apple.com/jp/app/id6757638926
180,つながる六法: 司法書士・土地家屋調査士,Takeshiro Shigeta,Reference,1,1,#4CB051,中間の緑,100%,なし（緑＋無彩色のみ）,○,2026-01-19,2026-01-20,https://apps.apple.com/jp/app/id6755275219
181,いぬぼき２級工業簿記Basic 日商簿記２級対策,INUBOKI,Education,5,1,#93E2A2,明るい緑,80%,青緑,○,2026-04-02,2026-04-02,https://apps.apple.com/jp/app/id6761475569
182,簿記3級スワイプ仕訳,kaku yoshida,Education,5,1,#214E39,青緑寄りの緑（エメラルド）,65%,青緑,○,2021-01-01,2021-01-01,https://apps.apple.com/jp/app/id1541507459
183,本番試験タイマー｜過去問の時間配分練習,Tetta Uehara,Education,5,1,#12654B,青緑寄りの緑（エメラルド）,94%,なし（緑＋無彩色のみ）,○,2026-07-13,2026-07-17,https://apps.apple.com/jp/app/id6789640443
184,簿記 合格対策,Naoto Baba,Education,5,1,#1D5139,青緑寄りの緑（エメラルド）,76%,青緑,,2026-06-22,2026-07-20,https://apps.apple.com/jp/app/id6781726589
185,シカモン FP3級,SHIKAMON LLC,Education,5,1,#63B04D,中間の緑,74%,橙,○,2026-06-30,2026-07-08,https://apps.apple.com/jp/app/id6762025106
186,投資信託3級 試験対策｜問題集,RYOHEI HORIUCHI,Education,5,1,#0B3626,青緑寄りの緑（エメラルド）,98%,なし（緑＋無彩色のみ）,,2026-07-16,2026-07-17,https://apps.apple.com/jp/app/id6790790214
187,ケアマネPass - 介護支援専門員 対策,KANDK,Education,5,1,#0E9168,青緑寄りの緑（エメラルド）,73%,青緑,,2026-04-26,2026-07-19,https://apps.apple.com/jp/app/id6763043672
188,かんたん完了報告 for ベビーシッター,"SmatchPlus, Inc.",Productivity,5,1,#52BA79,中間の緑,99%,なし（緑＋無彩色のみ）,○,2026-07-22,2026-07-22,https://apps.apple.com/jp/app/id6785367545
189,ペット栄養管理士 試験対策｜問題集,RYOHEI HORIUCHI,Education,5,1,#172D23,青緑寄りの緑（エメラルド）,89%,橙,,2026-05-26,2026-05-26,https://apps.apple.com/jp/app/id6772877043
190,危険物乙種第４類：試験対策アプリ,reiko hori,Education,1,1,#3FA56C,中間の緑,89%,青,,2025-02-06,2025-02-07,https://apps.apple.com/jp/app/id6741620317
191,電工一種ドリル − 高圧・短絡・力率の計算演習,Moeki Kozawa,Education,5,1,#357D36,深緑,98%,なし（緑＋無彩色のみ）,○,2026-07-10,2026-07-23,https://apps.apple.com/jp/app/id6789323991
192,ITパスポート 過去問 2026 問題集,Minato Apps,Education,5,1,#6DAA23,黄緑（ライム）,70%,青,○,2026-05-06,2026-07-26,https://apps.apple.com/jp/app/id6766413375
193,AWSスキルチェック,kouki tanaka,Education,5,1,#152F26,青緑寄りの緑（エメラルド）,93%,なし（緑＋無彩色のみ）,,2026-07-14,2026-07-18,https://apps.apple.com/jp/app/id6789175416
194,QC検定2級 試験対策・問題集,RYOHEI HORIUCHI,Education,5,1,#0D3F1F,深緑,99%,なし（緑＋無彩色のみ）,,2026-07-03,2026-07-03,https://apps.apple.com/jp/app/id6786276104
195,QC検定2級　試験対策,RUMAHSAKU CORP.,Education,5,1,#28C891,青緑寄りの緑（エメラルド）,71%,青,,2025-11-18,2026-07-27,https://apps.apple.com/jp/app/id6755081257
196,QC検定２級 用語集,Daisuke Matsubara,Education,1,1,#159268,青緑寄りの緑（エメラルド）,100%,なし（緑＋無彩色のみ）,○,2025-03-21,2026-03-26,https://apps.apple.com/jp/app/id6743335472
197,第二種だけ。衛生管理者 過去問450問,AMOR Limited Liability Company,Education,5,1,#306B50,青緑寄りの緑（エメラルド）,60%,赤,,2026-06-10,2026-06-20,https://apps.apple.com/jp/app/id6775785042
198,第一種衛生管理者 試験対策｜問題集,RYOHEI HORIUCHI,Education,5,1,#093223,青緑寄りの緑（エメラルド）,95%,橙,,2026-06-14,2026-06-15,https://apps.apple.com/jp/app/id6779922194
199,食生活アドバイザー3級 2026年版 問題集,Signet LLC,Education,4,1,#2D712D,深緑,100%,なし（緑＋無彩色のみ）,○,2026-06-16,2026-07-12,https://apps.apple.com/jp/app/id6779953943
200,マンション管理士 試験対策｜問題集,RYOHEI HORIUCHI,Education,5,1,#1A3A2F,青緑寄りの緑（エメラルド）,92%,黄,,2026-06-17,2026-06-17,https://apps.apple.com/jp/app/id6780679960
201,NewWord: 小規模言語のための多言語単語帳,俊 吕,Education,5,1,#169A64,青緑寄りの緑（エメラルド）,70%,青緑,,2024-05-19,2026-07-28,https://apps.apple.com/jp/app/id6457202781
202,スパ単｜イラストで覚える単語帳,Shogo Yoshida,Education,5,1,#709C8B,青緑寄りの緑（エメラルド）,88%,なし（緑＋無彩色のみ）,○,2026-04-17,2026-06-23,https://apps.apple.com/jp/app/id6761913070
203,スペルで遊べる！３文字 英単語帳,Sachiko Otohata,Education,5,1,#2EA657,中間の緑,100%,なし（緑＋無彩色のみ）,○,2016-01-28,2018-04-25,https://apps.apple.com/jp/app/id1054749109
204,ドイツ語 単語帳 - 暗記&発音フラッシュカード,Yingwen Wang,Education,5,1,#50876E,青緑寄りの緑（エメラルド）,99%,なし（緑＋無彩色のみ）,○,2026-03-26,2026-06-10,https://apps.apple.com/jp/app/id6759642434
205,資格の大原 旅行管理者トレ問2026,"OHARA PUBLISHING CO., LTD.",Education,0,0,#6AB387,中間の緑,85%,なし（緑＋無彩色のみ）,,2026-01-25,2026-06-16,https://apps.apple.com/jp/app/id6757828277
206,簿記3級・2級 FP・証券外務員|試験対策&一問一答&過去問,"Shanghai Xushu Information Technology Co., Ltd.",Education,0,0,#6EA27E,中間の緑,61%,なし（緑＋無彩色のみ）,○,2026-07-01,2026-07-29,https://apps.apple.com/jp/app/id6785512184
207,第一種衛生管理者 過去問ゼミ,Soichiro Uno,Education,0,0,#15803E,深緑,100%,なし（緑＋無彩色のみ）,○,2026-06-05,2026-06-06,https://apps.apple.com/jp/app/id6773923334
208,浄化槽管理士過去問集min,Isobe masayuki,Education,0,0,#1F4621,深緑,48%,青,○,2023-12-03,2025-01-21,https://apps.apple.com/jp/app/id6473605020
209,eco検定 | 2026年対策問題,Masaki Kobayashi,Education,0,0,#6D9E7F,中間の緑,50%,青緑,○,2026-05-15,2026-07-09,https://apps.apple.com/jp/app/id6769792021
210,貸金業務取扱主任者 2026年版 問題集 一問一答・模試,Signet LLC,Education,0,0,#526D2B,黄緑（ライム）,100%,なし（緑＋無彩色のみ）,○,2026-07-07,2026-07-29,https://apps.apple.com/jp/app/id6787936874
211,食品表示検定中級 2026年版 問題集 一問一答・模試,Signet LLC,Education,0,0,#2C7049,深緑,100%,なし（緑＋無彩色のみ）,○,2026-07-20,2026-07-29,https://apps.apple.com/jp/app/id6791804603
212,管理栄養士試験 2026年版 問題集 一問一答・模試,Signet LLC,Education,0,0,#2D7040,深緑,100%,なし（緑＋無彩色のみ）,○,2026-07-07,2026-07-29,https://apps.apple.com/jp/app/id6787675259
213,食品表示検定初級 2026年版 問題集 一問一答・模試,Signet LLC,Education,0,0,#576A2B,黄緑（ライム）,99%,なし（緑＋無彩色のみ）,,2026-07-19,2026-07-29,https://apps.apple.com/jp/app/id6791804618
214,世界遺産検定準1級 2026年版 問題集 一問一答・模試,Signet LLC,Education,0,0,#2C7056,青緑寄りの緑（エメラルド）,100%,なし（緑＋無彩色のみ）,○,2026-07-06,2026-07-29,https://apps.apple.com/jp/app/id6787257775
215,銀行業務検定法務3級 2026年版 問題集 一問一答・模試,Signet LLC,Education,0,0,#134A3C,青緑寄りの緑（エメラルド）,85%,なし（緑＋無彩色のみ）,○,2026-07-07,2026-07-25,https://apps.apple.com/jp/app/id6787870654
216,2級建築施工管理 一問一答,cocoroom,Education,0,0,#2F7D33,深緑,100%,なし（緑＋無彩色のみ）,○,2026-05-15,2026-06-04,https://apps.apple.com/jp/app/id6769705336
217,賃貸不動産経営管理士 一問一答,cocoroom,Education,0,0,#2F6F5E,青緑寄りの緑（エメラルド）,90%,なし（緑＋無彩色のみ）,○,2026-05-13,2026-06-04,https://apps.apple.com/jp/app/id6769005252
218,介護福祉士試験 2026年版 問題集 一問一答・模試,Signet LLC,Education,0,0,#2C6F5B,青緑寄りの緑（エメラルド）,100%,なし（緑＋無彩色のみ）,○,2026-07-06,2026-07-29,https://apps.apple.com/jp/app/id6787620170
219,ハーブ＆ライフ検定 2026年版 問題集 一問一答・模試,Signet LLC,Education,0,0,#34712D,深緑,100%,なし（緑＋無彩色のみ）,○,2026-07-02,2026-07-29,https://apps.apple.com/jp/app/id6786071734
220,賃貸不動産経営管理士 2026年版 問題集 一問一答・模試,Signet LLC,Education,0,0,#2C7054,青緑寄りの緑（エメラルド）,100%,なし（緑＋無彩色のみ）,○,2026-07-09,2026-07-29,https://apps.apple.com/jp/app/id6788580298
221,食の検定3級 2026年版 問題集 一問一答・模試,Signet LLC,Education,0,0,#3D6F2C,深緑,100%,なし（緑＋無彩色のみ）,○,2026-07-17,2026-07-29,https://apps.apple.com/jp/app/id6791251828
222,歴史能力検定世界史1級 問題集 一問一答・模試,Signet LLC,Education,0,0,#2D713A,深緑,100%,なし（緑＋無彩色のみ）,○,2026-07-16,2026-07-29,https://apps.apple.com/jp/app/id6791099775
223,宅建模試 2026 - 模擬試験で合格判定,"Shanghai Xushu Information Technology Co., Ltd.",Education,0,0,#3B9F01,中間の緑,100%,なし（緑＋無彩色のみ）,○,2026-03-29,2026-04-04,https://apps.apple.com/jp/app/id6760817269
224,第一種衛生管理者 2026年版 問題集 一問一答・模試,Signet LLC,Education,0,0,#2D714C,深緑,100%,なし（緑＋無彩色のみ）,○,2026-06-25,2026-07-29,https://apps.apple.com/jp/app/id6783295381
225,メンタルヘルス・マネジメント検定Ⅱ種 問題集 模試,Signet LLC,Education,0,0,#1F6A4E,青緑寄りの緑（エメラルド）,100%,なし（緑＋無彩色のみ）,○,2026-07-07,2026-07-25,https://apps.apple.com/jp/app/id6787749689
226,秘書検定2級 2026年版 問題集 一問一答・模試,Signet LLC,Education,0,0,#2C6F4F,青緑寄りの緑（エメラルド）,100%,なし（緑＋無彩色のみ）,○,2026-06-09,2026-07-29,https://apps.apple.com/jp/app/id6777655399
227,賃管ドリル｜賃貸不動産経営管理士 過去問・模試,Shunya Iwasaki,Education,0,0,#055334,青緑寄りの緑（エメラルド）,99%,なし（緑＋無彩色のみ）,,2026-05-31,2026-06-29,https://apps.apple.com/jp/app/id6774483412
228,宅建過去問 - 宅建士試験の一問一答,"Shanghai Xushu Information Technology Co., Ltd.",Education,0,0,#4EBA02,中間の緑,99%,なし（緑＋無彩色のみ）,○,2026-03-25,2026-03-25,https://apps.apple.com/jp/app/id6760963541
229,単語帳・暗記・フラッシュカード・AI - Lembra,Gustavo Silva,Education,0,0,#4CB051,中間の緑,99%,なし（緑＋無彩色のみ）,○,2026-02-06,2026-06-28,https://apps.apple.com/jp/app/id6756965659
230,行政書士試験ブートラボ,Yu Kimura,Education,0,0,#378C72,青緑寄りの緑（エメラルド）,95%,なし（緑＋無彩色のみ）,○,2026-06-14,2026-06-14,https://apps.apple.com/jp/app/id6759560853
231,行政書士 過去問＆一問一答,"LIBERE CO., LTD.",Education,0,0,#2A742E,深緑,96%,なし（緑＋無彩色のみ）,○,2026-06-11,2026-06-11,https://apps.apple.com/jp/app/id6776284142
232,日商簿記3級 試験対策 問題集,RYOHEI HORIUCHI,Education,0,0,#1D3A22,深緑,98%,なし（緑＋無彩色のみ）,○,2026-06-25,2026-06-25,https://apps.apple.com/jp/app/id6783792082
233,簿記3級 仕訳・問題集,HIDEKI YAMADA,Education,0,0,#34A552,中間の緑,98%,なし（緑＋無彩色のみ）,,2026-06-29,2026-07-15,https://apps.apple.com/jp/app/id6784465368
234,日商簿記2級 試験対策｜問題集,RYOHEI HORIUCHI,Education,0,0,#0B3625,青緑寄りの緑（エメラルド）,95%,なし（緑＋無彩色のみ）,,2026-07-15,2026-07-15,https://apps.apple.com/jp/app/id6788762311
235,日商簿記2級 試験対策・問題集,RYOHEI HORIUCHI,Education,0,0,#0B3625,青緑寄りの緑（エメラルド）,95%,なし（緑＋無彩色のみ）,,2026-07-15,2026-07-15,https://apps.apple.com/jp/app/id6788762530
236,日商簿記3級 試験対策｜問題集,RYOHEI HORIUCHI,Education,0,0,#1D3A22,深緑,98%,なし（緑＋無彩色のみ）,,2026-06-25,2026-06-25,https://apps.apple.com/jp/app/id6783785464
237,FP3級Pass - FP3級試験対策,KANDK,Education,0,0,#2A6D43,深緑,72%,なし（緑＋無彩色のみ）,○,2026-05-18,2026-07-19,https://apps.apple.com/jp/app/id6769005211
238,FP3級 学科・実技問題集,HIDEKI YAMADA,Education,0,0,#33A551,中間の緑,97%,なし（緑＋無彩色のみ）,,2026-06-29,2026-07-15,https://apps.apple.com/jp/app/id6784466544
239,生保大学課程(生命保険と税・相続)　試験対策,RUMAHSAKU CORP.,Education,0,0,#3F9842,中間の緑,69%,青,,2026-02-09,2026-02-10,https://apps.apple.com/jp/app/id6758524484
240,AIStudyFinance,Takuma Yoshimura,Education,0,0,#6AE78A,明るい緑,97%,なし（緑＋無彩色のみ）,○,2026-03-02,2026-03-02,https://apps.apple.com/jp/app/id6759850698
241,FP3級 一問一答 2026｜スキマ時間の○×対策,SHIN HOMMA,Education,0,0,#21644B,青緑寄りの緑（エメラルド）,93%,なし（緑＋無彩色のみ）,○,2026-07-20,2026-07-20,https://apps.apple.com/jp/app/id6791726329
242,投資信託3級 試験対策・問題集,RYOHEI HORIUCHI,Education,0,0,#0C3D2A,青緑寄りの緑（エメラルド）,96%,なし（緑＋無彩色のみ）,,2026-07-19,2026-07-19,https://apps.apple.com/jp/app/id6790790410
243,年金アドバイザー3級 試験対策 問題集,RYOHEI HORIUCHI,Education,0,0,#1A3C2A,深緑,90%,黄,,2026-05-29,2026-05-30,https://apps.apple.com/jp/app/id6774507037
244,年金アドバイザー3級 試験対策｜問題集,RYOHEI HORIUCHI,Education,0,0,#1A3C2A,深緑,90%,黄,,2026-05-29,2026-05-30,https://apps.apple.com/jp/app/id6774504639
245,登録販売者 試験対策一問一答,CSclub.tech,Education,0,0,#234235,青緑寄りの緑（エメラルド）,96%,橙,○,2026-03-25,2026-06-14,https://apps.apple.com/jp/app/id6760988525
246,登録販売者 過去問・問題集,HIDEKI YAMADA,Education,0,0,#34A552,中間の緑,98%,なし（緑＋無彩色のみ）,○,2026-06-29,2026-07-15,https://apps.apple.com/jp/app/id6784465059
247,AstraStudy登録販売者,AstraStudy LLC,Education,0,0,#73D4B7,青緑寄りの緑（エメラルド）,71%,赤,,2026-03-31,2026-04-08,https://apps.apple.com/jp/app/id6760576865
248,登録販売者 暗記カード,SHINOBU MIYAHIRA,Education,0,0,#1C7856,青緑寄りの緑（エメラルド）,100%,なし（緑＋無彩色のみ）,○,2026-07-20,2026-07-20,https://apps.apple.com/jp/app/id6791827248
249,登録販売者 一問一答＆模試2026,SHIN HOMMA,Education,0,0,#1C8759,青緑寄りの緑（エメラルド）,100%,なし（緑＋無彩色のみ）,○,2026-07-20,2026-07-20,https://apps.apple.com/jp/app/id6791727586
250,登録販売者試験 | 2026年対策問題,Masaki Kobayashi,Education,0,0,#50897A,青緑寄りの緑（エメラルド）,54%,青緑,○,2026-05-05,2026-05-26,https://apps.apple.com/jp/app/id6766577933
251,単語なう,Kentaro Shimada,Education,0,0,#85B998,中間の緑,100%,なし（緑＋無彩色のみ）,○,2026-06-04,2026-06-17,https://apps.apple.com/jp/app/id6775720215
252,介護福祉士国家試験 | 2026年対策問題,Masaki Kobayashi,Education,0,0,#5E8C79,青緑寄りの緑（エメラルド）,51%,橙,,2026-05-30,2026-05-30,https://apps.apple.com/jp/app/id6774821051
253,【中央法規】精神保健福祉士合格アプリ2027 過去問+模擬問,"CHUOHOKI PUBLISHING CO.,LTD.",Education,0,0,#3EC24B,中間の緑,95%,橙,○,2026-04-21,2026-04-22,https://apps.apple.com/jp/app/id6762342490
254,【中央法規】精神保健福祉士合格アプリ2024 過去問+模擬問,"CHUOHOKI PUBLISHING CO.,LTD.",Education,0,0,#82C868,明るい緑,94%,なし（緑＋無彩色のみ）,○,2023-05-30,2023-05-31,https://apps.apple.com/jp/app/id6449256780
255,福祉住環境コーディネーター2級 試験対策 問題集,RYOHEI HORIUCHI,Education,0,0,#0D6147,青緑寄りの緑（エメラルド）,99%,なし（緑＋無彩色のみ）,,2026-06-14,2026-06-15,https://apps.apple.com/jp/app/id6779803384
256,ケアマネ試験,Kazumasa Shimomura,Education,0,0,#27734E,青緑寄りの緑（エメラルド）,56%,青緑,○,2026-07-23,2026-07-24,https://apps.apple.com/jp/app/id6792450642
257,KizBox - 保育士のための写真整理アプリ,Choongil Lee,Productivity,0,0,#0B4E2F,青緑寄りの緑（エメラルド）,66%,橙,○,2026-04-26,2026-07-20,https://apps.apple.com/jp/app/id6743383481
258,食生活アドバイザー2級 2026年版 問題集,Signet LLC,Education,0,0,#2C7047,深緑,100%,なし（緑＋無彩色のみ）,○,2026-06-22,2026-07-29,https://apps.apple.com/jp/app/id6781574850
259,社会福祉士 国家試験合格 Smart対策,Takashi Miyazaki,Education,0,0,#2C9B5C,中間の緑,58%,橙,,2026-03-09,2026-03-09,https://apps.apple.com/jp/app/id6759815878
260,福祉备考词典,锴 郭,Education,0,0,#143D2D,青緑寄りの緑（エメラルド）,99%,なし（緑＋無彩色のみ）,○,2026-06-24,2026-06-25,https://apps.apple.com/jp/app/id6782807816
261,危険物取扱者 乙種 乙1 | 2026年対策問題,Masaki Kobayashi,Education,0,0,#588572,青緑寄りの緑（エメラルド）,64%,黄,,2026-04-28,2026-05-26,https://apps.apple.com/jp/app/id6764347870
262,電気施工管理2級Pass - 第一次検定,KANDK,Education,0,0,#215F38,深緑,85%,なし（緑＋無彩色のみ）,○,2026-06-30,2026-07-13,https://apps.apple.com/jp/app/id6785318095
263,2級造園施工管理技士 試験対策・問題集,RYOHEI HORIUCHI,Education,0,0,#112B1E,青緑寄りの緑（エメラルド）,82%,なし（緑＋無彩色のみ）,○,2026-07-27,2026-07-28,https://apps.apple.com/jp/app/id6792924957
264,管工事施工管理技士2級Pass,KANDK,Education,0,0,#248568,青緑寄りの緑（エメラルド）,78%,なし（緑＋無彩色のみ）,○,2026-07-02,2026-07-28,https://apps.apple.com/jp/app/id6785708820
265,建築資材辞典,Takashi Masumura,Education,0,0,#2C945C,中間の緑,100%,なし（緑＋無彩色のみ）,○,2026-07-01,2026-07-01,https://apps.apple.com/jp/app/id6785208093
266,ITパスポート試験 「30日合格プログラム」,ReCorrect Inc.,Education,0,0,#B5FF8A,明るい緑,46%,青,,2026-07-24,2026-07-24,https://apps.apple.com/jp/app/id6791836899
267,ウェブ解析士 認定資格試験対策,Daisuke Matsubara,Education,0,0,#4A7A41,深緑,100%,なし（緑＋無彩色のみ）,○,2024-04-24,2025-01-05,https://apps.apple.com/jp/app/id6476556069
268,ITパスポート 最短合格問題集,"RETERIOR, K.K.",Education,0,0,#157D3B,深緑,67%,橙,○,2026-07-29,2026-07-29,https://apps.apple.com/jp/app/id6795014663
269,DXパスポート試験対策,Daisuke Matsubara,Education,0,0,#075E28,深緑,100%,なし（緑＋無彩色のみ）,○,2025-07-04,2025-07-04,https://apps.apple.com/jp/app/id6747960833
270,ウェブ解析士 単語帳,Daisuke Matsubara,Reference,0,0,#4A7A41,深緑,100%,なし（緑＋無彩色のみ）,○,2024-09-08,2026-05-12,https://apps.apple.com/jp/app/id6670337436
271,ITパスポートOne2026 – 最短合格を目指す学習アプリ,taiyo maeno,Education,0,0,#56C802,黄緑（ライム）,98%,なし（緑＋無彩色のみ）,,2026-03-11,2026-03-14,https://apps.apple.com/jp/app/id6759913941
272,基本情報技術者完全問題集,"WAZAACA, Inc.",Education,0,0,#145328,深緑,99%,なし（緑＋無彩色のみ）,,2026-05-14,2026-06-22,https://apps.apple.com/jp/app/id6767919487
273,基本情報技術者 過去問 2026 一問一答,Minato Apps,Education,0,0,#1AA44E,中間の緑,68%,青,○,2026-05-27,2026-07-26,https://apps.apple.com/jp/app/id6767837536
274,基本情報 科目B 問題集,RIVERSHIP,Education,0,0,#0C281E,青緑寄りの緑（エメラルド）,100%,なし（緑＋無彩色のみ）,○,2026-07-01,2026-07-14,https://apps.apple.com/jp/app/id6785841102
275,LinuCレベル1 試験対策｜問題集,RYOHEI HORIUCHI,Education,0,0,#182923,青緑寄りの緑（エメラルド）,82%,なし（緑＋無彩色のみ）,,2026-07-27,2026-07-28,https://apps.apple.com/jp/app/id6792244433
276,LinuCレベル1 試験対策・問題集,RYOHEI HORIUCHI,Education,0,0,#182923,青緑寄りの緑（エメラルド）,82%,なし（緑＋無彩色のみ）,,2026-07-27,2026-07-28,https://apps.apple.com/jp/app/id6792245545
277,Certificação Linux,Uira Ribeiro,Education,0,0,#02E770,明るい緑,66%,青緑,,2026-07-05,2026-07-05,https://apps.apple.com/jp/app/id6778160709
278,QC検定2級 試験対策｜問題集,RYOHEI HORIUCHI,Education,0,0,#0D3F1F,深緑,99%,なし（緑＋無彩色のみ）,,2026-07-02,2026-07-02,https://apps.apple.com/jp/app/id6786275942
279,統計検定１級 用語集,Daisuke Matsubara,Education,0,0,#127D37,深緑,100%,なし（緑＋無彩色のみ）,○,2024-09-23,2024-09-23,https://apps.apple.com/jp/app/id6677038742
280,【LITE版】第２種衛生管理者 「30日合格プログラム」,ReCorrect Inc.,Education,0,0,#B9FF83,黄緑（ライム）,45%,青,,2023-02-11,2025-09-24,https://apps.apple.com/jp/app/id1661205985
281,衛生管理者 第一種 爆速合格,so sasaki,Education,0,0,#1BB161,中間の緑,97%,なし（緑＋無彩色のみ）,,2026-02-27,2026-02-28,https://apps.apple.com/jp/app/id6759132517
282,HACCPヘルパー・プラス,KOUSHI INTEC Inc.,Productivity,0,0,#88C266,中間の緑,92%,なし（緑＋無彩色のみ）,,2020-04-13,2025-09-09,https://apps.apple.com/jp/app/id1501782407
283,第一種衛生管理者 | 2026年対策問題,Masaki Kobayashi,Education,0,0,#517C6E,青緑寄りの緑（エメラルド）,46%,橙,,2026-06-07,2026-06-08,https://apps.apple.com/jp/app/id6776792174
284,衛生管理者 合格ドリル,Tsuyoshi Sezaki,Education,0,0,#1A6135,深緑,94%,なし（緑＋無彩色のみ）,,2026-04-09,2026-06-19,https://apps.apple.com/jp/app/id6761160546
285,第一種衛生管理者 試験対策・問題集,RYOHEI HORIUCHI,Education,0,0,#093223,青緑寄りの緑（エメラルド）,95%,橙,,2026-06-14,2026-06-15,https://apps.apple.com/jp/app/id6779922666
286,第二種衛生管理者 試験対策 一問一答,cocoroom,Education,0,0,#15A34A,中間の緑,95%,なし（緑＋無彩色のみ）,○,2026-05-22,2026-06-04,https://apps.apple.com/jp/app/id6771709276
287,健康管理师考试聚题库-2026最新题库,永雄 黄,Reference,0,0,#A5F1D8,青緑寄りの緑（エメラルド）,63%,赤,○,2021-07-23,2026-01-07,https://apps.apple.com/jp/app/id1575024139
288,ウシルス,"DENSAN, K.K.",Productivity,0,0,#82C785,明るい緑,86%,なし（緑＋無彩色のみ）,,2025-08-31,2025-12-17,https://apps.apple.com/jp/app/id6747025931
289,翻译硕士圣题库,"Sheng Cai E-books (Wuhan) Co., Ltd.",Education,0,0,#5AAF1E,中間の緑,94%,なし（緑＋無彩色のみ）,○,2020-12-15,2023-12-27,https://apps.apple.com/jp/app/id1544886524
290,初级会计职称题库-2026最新版,磊 陈,Education,0,0,#93FEAC,明るい緑,79%,橙,○,2021-04-02,2026-03-12,https://apps.apple.com/jp/app/id1558799531
291,计算机二级通关宝典-在线题库,"Hangzhou Junce Technology Co., Ltd",Book,0,0,#01D88F,青緑寄りの緑（エメラルド）,59%,青,,2021-03-06,2026-06-24,https://apps.apple.com/jp/app/id1556205584
292,计算机网络自考题库,"Changsha Xisai Liman Education Technology Co., Ltd",Education,0,0,#2DBA62,中間の緑,92%,青,,2020-02-19,2024-07-05,https://apps.apple.com/jp/app/id1498884923
293,执业兽医圣题库,"Sheng Cai E-books (Wuhan) Co., Ltd.",Education,0,0,#1AA100,中間の緑,95%,なし（緑＋無彩色のみ）,○,2020-12-10,2026-04-01,https://apps.apple.com/jp/app/id1544214891
294,军队文职圣题库,"Sheng Cai E-books (Wuhan) Co., Ltd.",Education,0,0,#0F6B53,青緑寄りの緑（エメラルド）,91%,なし（緑＋無彩色のみ）,○,2021-05-09,2023-12-26,https://apps.apple.com/jp/app/id1566689035
295,市场营销自考题库,"Changsha Xisai Liman Education Technology Co., Ltd",Education,0,0,#2DBA64,中間の緑,92%,なし（緑＋無彩色のみ）,,2020-02-19,2024-06-03,https://apps.apple.com/jp/app/id1498576665
296,注册计量师全题库,"Chongqing Yaying Technology Co., Ltd.",Reference,0,0,#4DD545,明るい緑,97%,なし（緑＋無彩色のみ）,○,2022-12-23,2022-12-23,https://apps.apple.com/jp/app/id1658806260
297,考研数学圣题库,"Sheng Cai E-books (Wuhan) Co., Ltd.",Education,0,0,#0AA315,中間の緑,94%,なし（緑＋無彩色のみ）,○,2020-12-07,2023-12-26,https://apps.apple.com/jp/app/id1543526263
298,计算机应用自考,"Changsha Xisai Liman Education Technology Co., Ltd",Education,0,0,#2DBA62,中間の緑,92%,青,,2020-02-25,2024-08-28,https://apps.apple.com/jp/app/id1499929349
299,医学统考圣题库,"Sheng Cai E-books (Wuhan) Co., Ltd.",Education,0,0,#1E8D2A,中間の緑,93%,なし（緑＋無彩色のみ）,○,2020-12-14,2023-12-26,https://apps.apple.com/jp/app/id1544594475
300,自考公共课,"Changsha Xisai Liman Education Technology Co., Ltd",Education,0,0,#2DBA62,中間の緑,92%,青,,2019-11-17,2024-07-26,https://apps.apple.com/jp/app/id1487748547
